type,pos,headword,freq_tar,freq_ref,range_tar,range_ref,likelihood,effect
hastening,,,3,0,1,0,24.461,0
biter,,,3,0,1,0,24.461,0
tomnoddy,,,3,0,1,0,24.461,0
baa,,,3,0,1,0,24.461,0
scowled,,,3,0,1,0,24.461,0
waked,,,3,0,1,0,24.461,0
whistled,,,3,0,1,0,24.461,0
longed,,,3,0,1,0,24.461,0
famished,,,3,0,1,0,24.461,0
comers,,,3,0,1,0,24.461,0
brooded,,,3,0,1,0,24.461,0
clink,,,3,0,1,0,24.461,0
bungo,,,3,0,1,0,24.461,0
burgling,,,3,0,1,0,24.461,0
bullroarer,,,3,0,1,0,24.461,0
rattled,,,3,0,1,0,24.461,0
carc,,,3,0,1,0,24.461,0
bewildered,,,3,0,1,0,24.461,0
wearisome,,,3,0,1,0,24.461,0
hurtling,,,3,0,1,0,24.461,0
hullo,,,3,0,1,0,24.461,0
portcullis,,,3,0,1,0,24.461,0
hither,,,3,0,1,0,24.461,0
tongues,,,3,0,1,0,24.461,0
trembled,,,3,0,1,0,24.461,0
beastly,,,3,0,1,0,24.461,0
cobwebs,,,3,0,1,0,24.461,0
rotting,,,3,0,1,0,24.461,0
throng,,,3,0,1,0,24.461,0
yore,,,3,0,1,0,24.461,0
popped,,,3,0,1,0,24.461,0
hesitated,,,3,0,1,0,24.461,0
loaf,,,3,0,1,0,24.461,0
confusticate,,,3,0,1,0,24.461,0
curled,,,3,0,1,0,24.461,0
napping,,,3,0,1,0,24.461,0
frightfully,,,3,0,1,0,24.461,0
sneaking,,,3,0,1,0,24.461,0
sneezed,,,3,0,1,0,24.461,0
snoring,,,3,0,1,0,24.461,0
pantries,,,3,0,1,0,24.461,0
snorted,,,3,0,1,0,24.461,0
warg,,,3,0,1,0,24.461,0
wasn,,,3,0,1,0,24.461,0
surely,,,3,0,1,0,24.461,0
fluttered,,,3,0,1,0,24.461,0
stuffy,,,3,0,1,0,24.461,0
mirth,,,3,0,1,0,24.461,0
eh,,,3,0,1,0,24.461,0
peep,,,3,0,1,0,24.461,0
flummoxed,,,3,0,1,0,24.461,0
flagons,,,3,0,1,0,24.461,0
firelight,,,3,0,1,0,24.461,0
stooping,,,3,0,1,0,24.461,0
spluttered,,,3,0,1,0,24.461,0
felled,,,3,0,1,0,24.461,0
bothering,,,3,0,1,0,24.461,0
fattest,,,3,0,1,0,24.461,0
eyries,,,3,0,1,0,24.461,0
whirring,,,3,0,1,0,24.461,0
sss,,,3,0,1,0,24.461,0
fainter,,,3,0,1,0,24.461,0
startled,,,3,0,1,0,24.461,0
moaned,,,3,0,1,0,24.461,0
galloping,,,3,0,1,0,24.461,0
darted,,,3,0,1,0,24.461,0
lurking,,,3,0,1,0,24.461,0
anxiously,,,3,0,1,0,24.461,0
yammering,,,3,0,1,0,24.461,0
shrieked,,,3,0,1,0,24.461,0
painfully,,,3,0,1,0,24.461,0
dimly,,,3,0,1,0,24.461,0
wobbly,,,3,0,1,0,24.461,0
baggages,,,3,0,1,0,24.461,0
shrill,,,3,0,1,0,24.461,0
beeches,,,3,0,1,0,24.461,0
blinking,,,3,0,1,0,24.461,0
gracious,,,3,0,1,0,24.461,0
grunted,,,3,0,1,0,24.461,0
wouldn,,,3,0,1,0,24.461,0
magnificence,,,3,0,1,0,24.461,0
gruffly,,,3,0,1,0,24.461,0
gasped,,,3,0,1,0,24.461,0
afoot,,,3,0,1,0,24.461,0
galloped,,,3,0,1,0,24.461,0
tolls,,,3,1,1,1,19.997,0
squeezed,,,3,1,1,1,19.997,0
dodging,,,3,1,1,1,19.997,0
wailing,,,3,1,1,1,19.997,0
creaked,,,3,1,1,1,19.997,0
tumbled,,,3,1,1,1,19.997,0
tunnelling,,,3,1,1,1,19.997,0
drat,,,3,1,1,1,19.997,0
butterflies,,,3,1,1,1,19.997,0
woodmen,,,3,1,1,1,19.997,0
poked,,,3,1,1,1,19.997,0
hastened,,,3,1,1,1,19.997,0
nieces,,,3,1,1,1,19.997,0
pegs,,,3,1,1,1,19.997,0
whirl,,,3,1,1,1,19.997,0
whips,,,3,1,1,1,19.997,0
wiser,,,3,1,1,1,19.997,0
pierced,,,3,1,1,1,19.997,0
ladders,,,3,1,1,1,19.997,0
prophecies,,,3,1,1,1,19.997,0
racket,,,3,1,1,1,19.997,0
recompense,,,3,1,1,1,19.997,0
flapping,,,3,1,1,1,19.997,0
flapped,,,3,1,1,1,19.997,0
howls,,,4,0,1,0,32.615,0
creaking,,,4,0,1,0,32.615,0
scuttling,,,4,0,1,0,32.615,0
swirled,,,4,0,1,0,32.615,0
wakened,,,4,0,1,0,32.615,0
frowning,,,4,0,1,0,32.615,0
crossly,,,4,0,1,0,32.615,0
cocked,,,4,0,1,0,32.615,0
handkerchief,,,4,0,1,0,32.615,0
drenched,,,4,0,1,0,32.615,0
peeped,,,4,0,1,0,32.615,0
necromancer,,,4,0,1,0,32.615,0
tookish,,,4,0,1,0,32.615,0
glint,,,4,0,1,0,32.615,0
mantelpiece,,,4,0,1,0,32.615,0
gloaming,,,4,0,1,0,32.615,0
yerself,,,4,0,1,0,32.615,0
twinkling,,,4,0,1,0,32.615,0
twinkle,,,4,0,1,0,32.615,0
unawares,,,4,0,1,0,32.615,0
belladonna,,,4,0,1,0,32.615,0
glimpses,,,4,0,1,0,32.615,0
dozed,,,4,0,1,0,32.615,0
preciousss,,,4,0,1,0,32.615,0
strode,,,4,0,1,0,32.615,0
muttering,,,4,0,1,0,32.615,0
flickered,,,4,0,1,0,32.615,0
blundering,,,4,0,1,0,32.615,0
nodded,,,4,0,1,0,32.615,0
bagginses,,,4,0,1,0,32.615,0
slumber,,,4,0,1,0,32.615,0
flashed,,,4,1,1,1,27.645,0
spoons,,,4,1,1,1,27.645,0
dwelt,,,4,1,1,1,27.645,0
burglars,,,4,1,1,1,27.645,0
shuddered,,,4,1,1,1,27.645,0
huts,,,4,1,1,1,27.645,0
plunged,,,4,1,1,1,27.645,0
clapped,,,4,1,1,1,27.645,0
shadowed,,,4,1,1,1,27.645,0
hoot,,,4,1,1,1,27.645,0
crawled,,,4,1,1,1,27.645,0
flustered,,,4,2,1,1,25.045,0
jolly,,,4,2,1,1,25.045,0
doubted,,,4,2,1,1,25.045,0
guesses,,,4,2,1,1,25.045,0
bushy,,,4,2,1,1,25.045,0
unguarded,,,4,2,1,1,25.045,0
faintly,,,4,2,1,1,25.045,0
rude,,,4,2,1,1,25.045,0
blackened,,,4,2,1,1,25.045,0
shriek,,,4,2,1,1,25.045,0
hurriedly,,,4,2,1,1,25.045,0
tubs,,,4,2,1,1,25.045,0
perched,,,4,2,1,1,25.045,0
ugh,,,4,2,1,1,25.045,0
strung,,,4,2,1,1,25.045,0
miserably,,,4,2,1,1,25.045,0
whistling,,,4,2,1,1,25.045,0
impatient,,,4,2,1,1,25.045,0
withered,,,4,3,1,1,23.157,0
bumping,,,4,3,1,1,23.157,0
blankets,,,4,3,1,1,23.157,0
trumpets,,,4,3,1,1,23.157,0
crows,,,4,3,1,1,23.157,0
bidding,,,4,3,1,1,23.157,0
delighted,,,4,3,1,1,23.157,0
astonished,,,4,4,1,1,21.662,0
dreary,,,4,4,1,1,21.662,0
misery,,,4,4,1,1,21.662,0
neatly,,,4,4,1,1,21.662,0
trays,,,4,4,1,1,21.662,0
kin,,,4,4,1,1,21.662,0
spurs,,,4,4,1,1,21.662,0
doubtless,,,4,4,1,1,21.662,0
enchantment,,,4,4,1,1,21.662,0
echoing,,,4,4,1,1,21.662,0
heap,,,4,4,1,1,21.662,0
growling,,,4,4,1,1,21.662,0
alight,,,4,4,1,1,21.662,0
webs,,,4,4,1,1,21.662,0
quays,,,4,5,1,1,20.421,0
trembling,,,4,5,1,1,20.421,0
pots,,,4,5,1,1,20.421,0
deserted,,,4,5,1,1,20.421,0
shrieking,,,5,0,1,0,40.769,0
feasting,,,5,0,1,0,40.769,0
forgetting,,,5,0,1,0,40.769,0
smelt,,,5,0,1,0,40.769,0
bolg,,,5,0,1,0,40.769,0
trapdoors,,,5,0,1,0,40.769,0
bade,,,5,0,1,0,40.769,0
clinging,,,5,0,1,0,40.769,0
fro,,,5,0,1,0,40.769,0
glimmer,,,5,0,1,0,40.769,0
drowsy,,,5,0,1,0,40.769,0
clamour,,,5,0,1,0,40.769,0
chuckled,,,5,0,1,0,40.769,0
dripping,,,5,0,1,0,40.769,0
grimly,,,5,0,1,0,40.769,0
hissing,,,5,0,1,0,40.769,0
merrily,,,5,0,1,0,40.769,0
spearmen,,,5,0,1,0,40.769,0
dwarvish,,,5,0,1,0,40.769,0
yelping,,,5,0,1,0,40.769,0
squirrels,,,5,1,1,1,35.396,0
shivered,,,5,1,1,1,35.396,0
cheered,,,5,1,1,1,35.396,0
gleamed,,,5,1,1,1,35.396,0
muttered,,,5,1,1,1,35.396,0
puffing,,,5,1,1,1,35.396,0
desolation,,,5,2,1,1,32.462,0
silently,,,5,2,1,1,32.462,0
wrought,,,5,2,1,1,32.462,0
dagger,,,5,2,1,1,32.462,0
mischief,,,5,2,1,1,32.462,0
carven,,,5,2,1,1,32.462,0
puzzled,,,5,2,1,1,32.462,0
cram,,,5,2,1,1,32.462,0
bruised,,,5,2,1,1,32.462,0
eyebrows,,,5,3,1,1,30.287,0
jug,,,5,3,1,1,30.287,0
slipping,,,5,3,1,1,30.287,0
rabbits,,,5,3,1,1,30.287,0
logs,,,5,3,1,1,30.287,0
thirsty,,,5,3,1,1,30.287,0
circling,,,5,3,1,1,30.287,0
ale,,,5,3,1,1,30.287,0
yells,,,5,3,1,1,30.287,0
parley,,,5,4,1,1,28.541,0
roaring,,,5,4,1,1,28.541,0
hauled,,,5,4,1,1,28.541,0
pinched,,,5,4,1,1,28.541,0
bowing,,,5,5,1,1,27.077,0
rang,,,5,5,1,1,27.077,0
hates,,,5,5,1,1,27.077,0
shaky,,,5,6,1,1,25.816,0
whispering,,,5,6,1,1,25.816,0
loudly,,,5,6,1,1,25.816,0
terrified,,,5,6,1,1,25.816,0
wand,,,5,7,1,1,24.708,0
tangled,,,5,7,1,1,24.708,0
axes,,,5,8,1,1,23.719,0
chill,,,5,8,1,1,23.719,0
comfortably,,,5,8,1,1,23.719,0
bags,,,5,8,1,1,23.719,0
hearth,,,5,10,1,1,22.016,0
brink,,,5,10,1,1,22.016,0
beginnings,,,5,10,1,1,22.016,0
pity,,,5,11,1,1,21.271,0
yell,,,5,11,1,1,21.271,0
bits,,,5,11,1,1,21.271,0
winding,,,5,11,1,1,21.271,0
forwards,,,5,11,1,1,21.271,0
shan,,,5,12,1,1,20.582,0
sunlight,,,5,12,1,1,20.582,0
foe,,,5,12,1,1,20.582,0
sheltered,,,5,12,1,1,20.582,0
rushing,,,5,13,1,1,19.943,0
shields,,,5,13,1,1,19.943,0
preciouss,,,6,0,1,0,48.923,0
weariness,,,6,0,1,0,48.923,0
gondolin,,,6,0,1,0,48.923,0
lally,,,6,0,1,0,48.923,0
aren,,,6,0,1,0,48.923,0
goblinses,,,6,0,1,0,48.923,0
wagging,,,6,0,1,0,48.923,0
daresay,,,6,0,1,0,48.923,0
smote,,,6,0,1,0,48.923,0
couldn,,,6,0,1,0,48.923,0
waistcoat,,,6,0,1,0,48.923,0
casks,,,6,1,1,1,43.215,0
bobbing,,,6,1,1,1,43.215,0
orcrist,,,6,1,1,1,43.215,0
peering,,,6,1,1,1,43.215,0
vapour,,,6,2,1,1,39.994,0
drip,,,6,2,1,1,39.994,0
wholesome,,,6,2,1,1,39.994,0
bowed,,,6,2,1,1,39.994,0
homely,,,6,2,1,1,39.994,0
yelled,,,6,2,1,1,39.994,0
snapped,,,6,3,1,1,37.568,0
scramble,,,6,3,1,1,37.568,0
fastened,,,6,3,1,1,37.568,0
dreamed,,,6,3,1,1,37.568,0
slimy,,,6,4,1,1,35.599,0
dusk,,,6,4,1,1,35.599,0
grassy,,,6,4,1,1,35.599,0
rac,,,6,4,1,1,35.599,0
patches,,,6,5,1,1,33.936,0
belts,,,6,6,1,1,32.493,0
rested,,,6,6,1,1,32.493,0
daring,,,6,6,1,1,32.493,0
stole,,,6,6,1,1,32.493,0
roar,,,6,6,1,1,32.493,0
glimpse,,,6,6,1,1,32.493,0
blackness,,,6,6,1,1,32.493,0
kicked,,,6,7,1,1,31.217,0
dungeons,,,6,7,1,1,31.217,0
stretched,,,6,7,1,1,31.217,0
spinning,,,6,7,1,1,31.217,0
nonsense,,,6,8,1,1,30.075,0
touched,,,6,10,1,1,28.095,0
awful,,,6,10,1,1,28.095,0
cellar,,,6,10,1,1,28.095,0
slain,,,6,10,1,1,28.095,0
imagined,,,6,10,1,1,28.095,0
stamped,,,6,10,1,1,28.095,0
faded,,,6,11,1,1,27.225,0
stairs,,,6,11,1,1,27.225,0
crying,,,6,11,1,1,27.225,0
dread,,,6,12,1,1,26.419,0
roast,,,6,12,1,1,26.419,0
plunder,,,6,12,1,1,26.419,0
blew,,,6,13,1,1,25.669,0
lad,,,6,13,1,1,25.669,0
skins,,,6,14,1,1,24.967,0
thieves,,,6,15,1,1,24.309,0
hailed,,,6,15,1,1,24.309,0
sorrow,,,6,16,1,1,23.688,0
backwards,,,6,17,1,1,23.102,0
kettle,,,6,17,1,1,23.102,0
chairs,,,6,17,1,1,23.102,0
fathers,,,6,17,1,1,23.102,0
directions,,,6,17,1,1,23.102,0
replied,,,6,17,1,1,23.102,0
perfectly,,,6,18,1,1,22.547,0
hush,,,6,18,1,1,22.547,0
disappointed,,,6,18,1,1,22.547,0
snap,,,6,19,1,1,22.019,0
arguing,,,6,20,1,1,21.516,0
unseen,,,6,20,1,1,21.516,0
comfort,,,6,20,1,1,21.516,0
mat,,,6,23,1,1,20.14,0
yourself,,,6,23,1,1,20.14,0
oaks,,,6,24,1,1,19.72,0
howl,,,7,0,1,0,57.077,0
howling,,,7,0,1,0,57.077,0
dreadfully,,,7,0,1,0,57.077,0
tidings,,,7,0,1,0,57.077,0
dangling,,,7,0,1,0,57.077,0
didn,,,7,0,1,0,57.077,0
leapt,,,7,0,1,0,57.077,0
squeaked,,,7,0,1,0,57.077,0
gazed,,,7,0,1,0,57.077,0
attercop,,,7,0,1,0,57.077,0
growled,,,7,0,1,0,57.077,0
crawling,,,7,1,1,1,51.083,0
gazing,,,7,1,1,1,51.083,0
boulders,,,7,2,1,1,47.61,0
ravenhill,,,7,2,1,1,47.61,0
splintered,,,7,2,1,1,47.61,0
glade,,,7,2,1,1,47.61,0
hiss,,,7,2,1,1,47.61,0
bumped,,,7,3,1,1,44.962,0
sooner,,,7,3,1,1,44.962,0
noises,,,7,4,1,1,42.793,0
wizards,,,7,4,1,1,42.793,0
shaking,,,7,4,1,1,42.793,0
senses,,,7,4,1,1,42.793,0
downwards,,,7,4,1,1,42.793,0
decent,,,7,4,1,1,42.793,0
pillars,,,7,5,1,1,40.947,0
knees,,,7,5,1,1,40.947,0
creep,,,7,5,1,1,40.947,0
commotion,,,7,6,1,1,39.337,0
waving,,,7,6,1,1,39.337,0
echoed,,,7,6,1,1,39.337,0
moria,,,7,6,1,1,39.337,0
bowls,,,7,7,1,1,37.908,0
shouting,,,7,7,1,1,37.908,0
splendid,,,7,8,1,1,36.623,0
sticking,,,7,8,1,1,36.623,0
cakes,,,7,8,1,1,36.623,0
cunning,,,7,8,1,1,36.623,0
heavens,,,7,9,1,1,35.455,0
shoulders,,,7,9,1,1,35.455,0
annoyed,,,7,10,1,1,34.384,0
bushes,,,7,10,1,1,34.384,0
hid,,,7,11,1,1,33.396,0
clever,,,7,12,1,1,32.479,0
smashed,,,7,12,1,1,32.479,0
ravens,,,7,12,1,1,32.479,0
hunted,,,7,12,1,1,32.479,0
halted,,,7,14,1,1,30.822,0
catching,,,7,15,1,1,30.068,0
backs,,,7,15,1,1,30.068,0
anxious,,,7,16,1,1,29.357,0
glow,,,7,19,1,1,27.437,0
delight,,,7,20,1,1,26.858,0
beg,,,7,24,1,1,24.78,0
hiding,,,7,24,1,1,24.78,0
wore,,,7,25,1,1,24.311,0
bacon,,,7,26,1,1,23.86,0
funny,,,7,26,1,1,23.86,0
sting,,,7,27,1,1,23.426,0
leap,,,7,27,1,1,23.426,0
bells,,,7,28,1,1,23.006,0
desperate,,,7,28,1,1,23.006,0
realized,,,7,29,1,1,22.601,0
steadily,,,7,30,1,1,22.21,0
companions,,,7,30,1,1,22.21,0
watched,,,7,33,1,1,21.108,0
scattered,,,7,34,1,1,20.762,0
imagine,,,7,35,1,1,20.427,0
tongue,,,7,36,1,1,20.101,0
understood,,,7,37,1,1,19.784,0
nassty,,,8,0,1,0,65.231,0
marvellous,,,8,0,1,0,65.231,0
isn,,,8,0,1,0,65.231,0
cellars,,,8,0,1,0,65.231,0
trotted,,,8,0,1,0,65.231,0
swooped,,,8,0,1,0,65.231,0
huddled,,,8,0,1,0,65.231,0
cursing,,,8,0,1,0,65.231,0
groaned,,,8,0,1,0,65.231,0
boughs,,,8,0,1,0,65.231,0
riddles,,,8,1,1,1,58.986,0
piled,,,8,1,1,1,58.986,0
respectable,,,8,2,1,1,55.291,0
quicker,,,8,3,1,1,52.442,0
ledge,,,8,3,1,1,52.442,0
shivering,,,8,3,1,1,52.442,0
bows,,,8,3,1,1,52.442,0
kindly,,,8,4,1,1,50.091,0
swung,,,8,4,1,1,50.091,0
midsummer,,,8,4,1,1,50.091,0
piles,,,8,4,1,1,50.091,0
packs,,,8,5,1,1,48.078,0
wandered,,,8,5,1,1,48.078,0
floated,,,8,5,1,1,48.078,0
pockets,,,8,5,1,1,48.078,0
unpleasant,,,8,6,1,1,46.314,0
knocking,,,8,6,1,1,46.314,0
echoes,,,8,11,1,1,39.743,0
sank,,,8,12,1,1,38.721,0
riddle,,,8,12,1,1,38.721,0
enchanted,,,8,12,1,1,38.721,0
bless,,,8,14,1,1,36.868,0
hated,,,8,15,1,1,36.024,0
lifted,,,8,17,1,1,34.469,0
stiff,,,8,19,1,1,33.065,0
warriors,,,8,20,1,1,32.412,0
fond,,,8,20,1,1,32.412,0
valleys,,,8,23,1,1,30.614,0
ate,,,8,23,1,1,30.614,0
climbing,,,8,26,1,1,29.02,0
knowing,,,8,27,1,1,28.526,0
bigger,,,8,29,1,1,27.589,0
crossed,,,8,31,1,1,26.712,0
teeth,,,8,33,1,1,25.887,0
trunk,,,8,34,1,1,25.493,0
hopes,,,8,35,1,1,25.11,0
bitter,,,8,36,1,1,24.738,0
drove,,,8,37,1,1,24.376,0
invisible,,,8,37,1,1,24.376,0
somewhere,,,8,38,1,1,24.023,0
pulled,,,8,39,1,1,23.68,0
raft,,,8,40,1,1,23.345,0
burned,,,8,40,1,1,23.345,0
enemies,,,8,42,1,1,22.7,0
thrust,,,8,42,1,1,22.7,0
meal,,,8,44,1,1,22.086,0
flame,,,8,47,1,1,21.217,0
telling,,,8,51,1,1,20.143,0
pocketses,,,9,0,1,0,73.385,0
stirred,,,9,0,1,0,73.385,0
runes,,,9,0,1,0,73.385,0
foes,,,9,0,1,0,73.385,0
bundles,,,9,1,1,1,66.917,0
grumbled,,,9,1,1,1,66.917,0
haste,,,9,2,1,1,63.022,0
knives,,,9,2,1,1,63.022,0
hoods,,,9,2,1,1,63.022,0
gloomy,,,9,4,1,1,57.473,0
stony,,,9,4,1,1,57.473,0
leaping,,,9,5,1,1,55.306,0
ori,,,9,5,1,1,55.306,0
sorts,,,9,5,1,1,55.306,0
sparks,,,9,5,1,1,55.306,0
bother,,,9,6,1,1,53.399,0
wretched,,,9,6,1,1,53.399,0
listened,,,9,7,1,1,51.694,0
waited,,,9,8,1,1,50.15,0
harps,,,9,8,1,1,50.15,0
marshes,,,9,10,1,1,47.44,0
hurry,,,9,10,1,1,47.44,0
goodness,,,9,10,1,1,47.44,0
seldom,,,9,12,1,1,45.113,0
splash,,,9,14,1,1,43.074,0
swiftly,,,9,14,1,1,43.074,0
breeze,,,9,14,1,1,43.074,0
threads,,,9,15,1,1,42.143,0
tremendous,,,9,16,1,1,41.261,0
inclined,,,9,16,1,1,41.261,0
wrath,,,9,16,1,1,41.261,0
picking,,,9,16,1,1,41.261,0
eager,,,9,18,1,1,39.629,0
clouds,,,9,18,1,1,39.629,0
torn,,,9,18,1,1,39.629,0
twisted,,,9,19,1,1,38.87,0
vain,,,9,20,1,1,38.145,0
slopes,,,9,21,1,1,37.451,0
wrapped,,,9,22,1,1,36.786,0
fourteenth,,,9,24,1,1,35.533,0
bent,,,9,24,1,1,35.533,0
specially,,,9,26,1,1,34.371,0
lucky,,,9,26,1,1,34.371,0
walked,,,9,26,1,1,34.371,0
sending,,,9,30,1,1,32.275,0
unexpected,,,9,32,1,1,31.323,0
listening,,,9,33,1,1,30.869,0
plenty,,,9,34,1,1,30.427,0
wonderful,,,9,36,1,1,29.58,0
worst,,,9,36,1,1,29.58,0
gathering,,,9,38,1,1,28.777,0
disappeared,,,9,41,1,1,27.648,0
joy,,,9,43,1,1,26.939,0
tomorrow,,,9,44,1,1,26.597,0
tonight,,,9,48,1,1,25.304,0
anywhere,,,9,48,1,1,25.304,0
forget,,,9,54,1,1,23.557,0
reward,,,9,55,1,1,23.286,0
thunder,,,9,65,1,1,20.827,0
calling,,,9,69,1,1,19.955,0
scrambled,,,10,0,1,0,81.538,0
doesn,,,10,0,1,0,81.538,0
girion,,,10,0,1,0,81.538,0
esgaroth,,,10,0,1,0,81.538,0
caverns,,,10,1,1,1,74.871,0
fright,,,10,2,1,1,70.793,0
mutton,,,10,2,1,1,70.793,0
trunks,,,10,3,1,1,67.596,0
durin,,,10,3,1,1,67.596,0
grabbed,,,10,4,1,1,64.924,0
doorstep,,,10,6,1,1,60.574,0
lair,,,10,6,1,1,60.574,0
flowed,,,10,8,1,1,57.082,0
polite,,,10,10,1,1,54.155,0
talked,,,10,10,1,1,54.155,0
unhappy,,,10,14,1,1,49.416,0
aloud,,,10,16,1,1,47.439,0
laughter,,,10,20,1,1,44.032,0
fool,,,10,24,1,1,41.165,0
bones,,,10,25,1,1,40.515,0
threw,,,10,27,1,1,39.281,0
somebody,,,10,30,1,1,37.578,0
laugh,,,10,31,1,1,37.045,0
faces,,,10,40,1,1,32.867,0
giants,,,10,43,1,1,31.673,0
boats,,,10,48,1,1,29.856,0
distant,,,10,50,1,1,29.182,0
tea,,,10,51,1,1,28.854,0
bears,,,10,55,1,1,27.608,0
horses,,,10,56,1,1,27.311,0
fourteen,,,10,59,1,1,26.451,0
spoken,,,10,64,1,1,25.115,0
carrying,,,10,67,1,1,24.365,0
listen,,,10,67,1,1,24.365,0
cry,,,10,73,1,1,22.967,0
smooth,,,10,74,1,1,22.746,0
snow,,,10,76,1,1,22.314,0
learned,,,10,76,1,1,22.314,0
ere,,,11,0,1,0,89.692,0
hurrying,,,11,0,1,0,89.692,0
grumbling,,,11,0,1,0,89.692,0
gleam,,,11,2,1,1,78.598,0
forgot,,,11,2,1,1,78.598,0
slept,,,11,2,1,1,78.598,0
elvish,,,11,4,1,1,72.432,0
luckily,,,11,4,1,1,72.432,0
hobbits,,,11,5,1,1,69.989,0
whispered,,,11,6,1,1,67.823,0
sounded,,,11,8,1,1,64.102,0
buttons,,,11,8,1,1,64.102,0
yours,,,11,10,1,1,60.97,0
swept,,,11,14,1,1,55.875,0
stepped,,,11,19,1,1,50.913,0
rabbit,,,11,20,1,1,50.052,0
sorry,,,11,20,1,1,50.052,0
somehow,,,11,22,1,1,48.435,0
careful,,,11,22,1,1,48.435,0
hearts,,,11,23,1,1,47.673,0
thoughts,,,11,29,1,1,43.631,0
creatures,,,11,32,1,1,41.885,0
sick,,,11,33,1,1,41.336,0
pleasant,,,11,43,1,1,36.57,0
arrow,,,11,45,1,1,35.746,0
begun,,,11,48,1,1,34.574,0
thief,,,11,49,1,1,34.199,0
everybody,,,11,50,1,1,33.832,0
ve,,,11,51,1,1,33.472,0
spur,,,11,56,1,1,31.772,0
cloak,,,11,57,1,1,31.451,0
clothes,,,11,69,1,1,27.989,0
please,,,11,78,1,1,25.784,0
ha,,,11,88,1,1,23.634,0
vast,,,11,98,1,1,21.738,0
anyone,,,11,104,1,1,20.703,0
mail,,,11,109,1,1,19.891,0
stumbled,,,12,3,1,1,82.937,0
ropes,,,12,3,1,1,82.937,0
weary,,,12,4,1,1,79.989,0
shook,,,12,4,1,1,79.989,0
wondering,,,12,4,1,1,79.989,0
hurried,,,12,4,1,1,79.989,0
flung,,,12,5,1,1,77.42,0
tunnels,,,12,11,1,1,66.381,0
laughing,,,12,14,1,1,62.436,0
excitement,,,12,14,1,1,62.436,0
wandering,,,12,18,1,1,58.081,0
faint,,,12,22,1,1,54.45,0
wherever,,,12,26,1,1,51.338,0
burst,,,12,27,1,1,50.625,0
courage,,,12,27,1,1,50.625,0
curse,,,12,32,1,1,47.377,0
holes,,,12,34,1,1,46.205,0
falling,,,12,40,1,1,43.033,0
picked,,,12,52,1,1,37.855,0
swift,,,12,53,1,1,37.478,0
bow,,,12,57,1,1,36.035,0
rocky,,,12,63,1,1,34.051,0
spears,,,12,67,1,1,32.832,0
waste,,,12,71,1,1,31.686,0
doubt,,,12,72,1,1,31.41,0
surprise,,,12,72,1,1,31.41,0
strange,,,12,73,1,1,31.138,0
burning,,,12,75,1,1,30.605,0
dancing,,,12,94,1,1,26.19,0
drawing,,,12,95,1,1,25.985,0
seems,,,12,95,1,1,25.985,0
eagle,,,12,98,1,1,25.384,0
rain,,,12,107,1,1,23.698,0
dawn,,,12,116,1,1,22.165,0
rolling,,,12,121,1,1,21.372,0
plain,,,12,124,1,1,20.914,0
sharp,,,12,131,1,1,19.894,0
oakenshield,,,13,1,1,1,98.83,0
messengers,,,13,2,1,1,94.289,0
wits,,,13,3,1,1,90.661,0
glad,,,13,4,1,1,87.587,0
shone,,,13,5,1,1,84.901,0
gems,,,13,6,1,1,82.507,0
jewels,,,13,8,1,1,78.364,0
cries,,,13,9,1,1,76.541,0
frightened,,,13,13,1,1,70.401,0
shores,,,13,14,1,1,69.086,0
eaten,,,13,15,1,1,67.84,0
armour,,,13,16,1,1,66.656,0
rode,,,13,16,1,1,66.656,0
torch,,,13,22,1,1,60.573,0
surprised,,,13,23,1,1,59.695,0
dim,,,13,30,1,1,54.324,0
swords,,,13,35,1,1,51.125,0
rings,,,13,38,1,1,49.399,0
lit,,,13,38,1,1,49.399,0
flew,,,13,41,1,1,47.794,0
slope,,,13,52,1,1,42.727,0
nose,,,13,56,1,1,41.137,0
pine,,,13,56,1,1,41.137,0
dear,,,13,61,1,1,39.301,0
climb,,,13,63,1,1,38.608,0
flowers,,,13,69,1,1,36.654,0
haven,,,13,73,1,1,35.446,0
dropped,,,13,83,1,1,32.701,0
wake,,,13,106,1,1,27.533,0
grandfather,,,13,116,1,1,25.658,0
broken,,,13,134,1,1,22.707,0
carrock,,,14,0,1,0,114.154,0
thrush,,,14,0,1,0,114.154,0
toes,,,14,2,1,1,102.166,0
queer,,,14,4,1,1,95.222,0
miserable,,,14,6,1,1,89.925,0
hoard,,,14,7,1,1,87.66,0
nori,,,14,8,1,1,85.587,0
rushed,,,14,10,1,1,81.895,0
paths,,,14,11,1,1,80.234,0
vanished,,,14,12,1,1,78.675,0
rolled,,,14,14,1,1,75.817,0
ears,,,14,16,1,1,73.246,0
noticed,,,14,22,1,1,66.793,0
bye,,,14,26,1,1,63.248,0
steps,,,14,35,1,1,56.721,0
fled,,,14,39,1,1,54.289,0
wet,,,14,45,1,1,51.038,0
hundreds,,,14,46,1,1,50.535,0
dreams,,,14,46,1,1,50.535,0
wise,,,14,51,1,1,48.168,0
heads,,,14,55,1,1,46.429,0
turning,,,14,57,1,1,45.605,0
forth,,,14,70,1,1,40.855,0
wine,,,14,76,1,1,38.953,0
dry,,,14,127,1,1,27.266,0
meanwhile,,,14,146,1,1,24.2,0
plans,,,14,162,1,1,21.96,0
em,,,14,167,1,1,21.315,0
beards,,,15,0,1,0,122.308,0
leaped,,,15,0,1,0,122.308,0
woke,,,15,4,1,1,102.888,0
arrows,,,15,5,1,1,99.986,0
sprang,,,15,6,1,1,97.386,0
yer,,,15,10,1,1,89,0
caves,,,15,13,1,1,84.08,0
flames,,,15,15,1,1,81.233,0
passages,,,15,19,1,1,76.296,0
fierce,,,15,20,1,1,75.189,0
quietly,,,15,20,1,1,75.189,0
carefully,,,15,22,1,1,73.1,0
breath,,,15,23,1,1,72.113,0
anyway,,,15,24,1,1,71.16,0
pleased,,,15,26,1,1,69.347,0
comfortable,,,15,30,1,1,66.048,0
worse,,,15,31,1,1,65.283,0
remembered,,,15,34,1,1,63.107,0
terrible,,,15,36,1,1,61.749,0
lightning,,,15,36,1,1,61.749,0
knows,,,15,41,1,1,58.626,0
hanging,,,15,43,1,1,57.473,0
nearest,,,15,48,1,1,54.792,0
certainly,,,15,50,1,1,53.792,0
empty,,,15,54,1,1,51.901,0
danger,,,15,66,1,1,46.941,0
unless,,,15,72,1,1,44.785,0
steep,,,15,74,1,1,44.106,0
autumn,,,15,75,1,1,43.773,0
wrong,,,15,76,1,1,43.445,0
hidden,,,15,89,1,1,39.538,0
questions,,,15,100,1,1,36.67,0
wealth,,,15,100,1,1,36.67,0
sides,,,15,112,1,1,33.901,0
everything,,,15,114,1,1,33.471,0
entrance,,,15,119,1,1,32.431,0
neither,,,15,128,1,1,30.675,0
happen,,,15,138,1,1,28.879,0
hissed,,,16,0,1,0,130.463,0
gloom,,,16,2,1,1,117.973,0
wicked,,,16,10,1,1,96.158,0
afraid,,,16,24,1,1,77.443,0
altogether,,,16,32,1,1,70.452,0
mighty,,,16,38,1,1,66.131,0
feast,,,16,54,1,1,57.053,0
whatever,,,16,62,1,1,53.424,0
wings,,,16,72,1,1,49.477,0
pretty,,,16,82,1,1,46.039,0
trying,,,16,89,1,1,43.875,0
warm,,,16,96,1,1,41.88,0
dangerous,,,16,102,1,1,40.287,0
notice,,,16,109,1,1,38.549,0
thick,,,16,112,1,1,37.84,0
ready,,,16,113,1,1,37.609,0
ahead,,,16,132,1,1,33.586,0
expected,,,16,144,1,1,31.362,0
saying,,,16,152,1,1,29.993,0
catch,,,16,184,1,1,25.249,0
carried,,,16,189,1,1,24.597,0
thror,,,17,0,1,0,138.617,0
thrain,,,17,0,1,0,138.617,0
dare,,,17,14,1,1,96.411,0
gates,,,17,16,1,1,93.446,0
fires,,,17,21,1,1,87.078,0
watching,,,17,28,1,1,79.907,0
fallen,,,17,38,1,1,71.896,0
rage,,,17,39,1,1,71.198,0
nice,,,17,43,1,1,68.559,0
busy,,,17,53,1,1,62.82,0
struck,,,17,62,1,1,58.459,0
silent,,,17,74,1,1,53.502,0
walls,,,17,86,1,1,49.281,0
cliff,,,17,97,1,1,45.905,0
sight,,,17,103,1,1,44.225,0
roof,,,17,115,1,1,41.154,0
shore,,,17,123,1,1,39.291,0
corner,,,17,166,1,1,31.132,0
flying,,,17,169,1,1,30.655,0
oin,,,18,0,1,0,146.771,0
dared,,,18,1,1,1,138.97,0
grim,,,18,3,1,1,129.648,0
wondered,,,18,5,1,1,122.857,0
shining,,,18,13,1,1,105.05,0
ought,,,18,20,1,1,94.881,0
pushed,,,18,24,1,1,90.227,0
wished,,,18,25,1,1,89.16,0
spite,,,18,46,1,1,72.296,0
lonely,,,18,46,1,1,72.296,0
voices,,,18,53,1,1,68.187,0
silence,,,18,56,1,1,66.577,0
wooden,,,18,110,1,1,46.573,0
easy,,,18,124,1,1,43.041,0
seem,,,18,209,1,1,28.142,0
taking,,,18,220,1,1,26.745,0
map,,,18,220,1,1,26.745,0
bifur,,,19,0,1,0,154.925,0
arkenstone,,,19,0,1,0,154.925,0
jumped,,,19,9,1,1,120.068,0
uncomfortable,,,19,14,1,1,110.416,0
tired,,,19,17,1,1,105.711,0
farewell,,,19,22,1,1,99.059,0
thank,,,19,26,1,1,94.524,0
sudden,,,19,38,1,1,83.662,0
sang,,,19,42,1,1,80.688,0
lights,,,19,50,1,1,75.419,0
tales,,,19,55,1,1,72.5,0
laid,,,19,70,1,1,65.02,0
drew,,,19,73,1,1,63.708,0
doing,,,19,85,1,1,58.938,0
bed,,,19,112,1,1,50.287,0
mouth,,,19,123,1,1,47.363,0
wait,,,19,125,1,1,46.861,0
wanted,,,19,136,1,1,44.246,0
narrow,,,19,143,1,1,42.697,0
managed,,,19,158,1,1,39.641,0
shadow,,,19,196,1,1,33.164,0
difficult,,,19,207,1,1,31.558,0
lot,,,19,219,1,1,29.917,0
places,,,19,228,1,1,28.756,0
hundred,,,19,235,1,1,27.891,0
escape,,,19,252,1,1,25.917,0
table,,,19,255,1,1,25.586,0
wargs,,,20,0,1,0,163.079,0
laughed,,,20,1,1,1,155.073,0
dreadful,,,20,4,1,1,141.589,0
nearer,,,20,8,1,1,129.85,0
slipped,,,20,8,1,1,129.85,0
beard,,,20,13,1,1,119.272,0
asleep,,,20,16,1,1,114.165,0
hung,,,20,17,1,1,112.611,0
rope,,,20,21,1,1,106.984,0
pony,,,20,21,1,1,106.984,0
supper,,,20,27,1,1,99.893,0
lying,,,20,28,1,1,98.834,0
ages,,,20,56,1,1,77.392,0
hood,,,20,60,1,1,75.158,0
ones,,,20,88,1,1,62.589,0
dwalin,,,21,0,1,0,171.233,0
elvenking,,,21,0,1,0,171.233,0
bofur,,,21,0,1,0,171.233,0
misty,,,21,4,1,1,149.386,0
climbed,,,21,9,1,1,134.889,0
crack,,,21,26,1,1,107.5,0
doors,,,21,27,1,1,106.366,0
liked,,,21,28,1,1,105.266,0
hungry,,,21,28,1,1,105.266,0
beside,,,21,30,1,1,103.155,0
lots,,,21,33,1,1,100.191,0
pocket,,,21,35,1,1,98.335,0
prisoners,,,21,37,1,1,96.565,0
escaped,,,21,40,1,1,94.055,0
barrel,,,21,42,1,1,92.469,0
waiting,,,21,62,1,1,79.461,0
else,,,21,62,1,1,79.461,0
thinking,,,21,63,1,1,78.916,0
guards,,,21,74,1,1,73.399,0
singing,,,21,114,1,1,58.431,0
straight,,,21,145,1,1,50.136,0
expect,,,21,153,1,1,48.299,0
beautiful,,,21,194,1,1,40.293,0
fine,,,21,229,1,1,34.85,0
miles,,,21,232,1,1,34.43,0
sing,,,21,271,1,1,29.497,0
secret,,,21,318,1,1,24.617,0
killed,,,21,336,1,1,22.991,0
whole,,,21,357,1,1,21.238,0
crept,,,22,1,1,1,171.195,0
stuck,,,22,20,1,1,121.942,0
gathered,,,22,50,1,1,92.466,0
hills,,,22,94,1,1,69.915,0
meant,,,22,97,1,1,68.774,0
drink,,,22,98,1,1,68.401,0
passage,,,22,102,1,1,66.947,0
trouble,,,22,102,1,1,66.947,0
sky,,,22,102,1,1,66.947,0
tried,,,22,120,1,1,61.041,0
tale,,,22,139,1,1,55.719,0
bear,,,22,204,1,1,42.082,0
parts,,,22,220,1,1,39.468,0
matter,,,22,270,1,1,32.552,0
hard,,,22,291,1,1,30.098,0
fellow,,,22,291,1,1,30.098,0
lower,,,22,313,1,1,27.755,0
golden,,,22,320,1,1,27.054,0
tom,,,22,377,1,1,22.01,0
cannot,,,23,0,1,0,187.542,0
gloin,,,23,0,1,0,187.542,0
smell,,,23,9,1,1,149.825,0
halls,,,23,10,1,1,147.398,0
smoke,,,23,62,1,1,90.409,0
spider,,,23,88,1,1,77.28,0
cave,,,23,104,1,1,70.941,0
leaves,,,23,119,1,1,65.821,0
evening,,,23,138,1,1,60.204,0
followed,,,23,273,1,1,35.191,0
idea,,,23,436,1,1,19.924,0
happened,,,24,55,1,1,100.557,0
talking,,,24,56,1,1,99.873,0
adventures,,,24,57,1,1,99.199,0
shut,,,24,75,1,1,88.597,0
wonder,,,24,85,1,1,83.686,0
fat,,,24,90,1,1,81.433,0
alive,,,24,102,1,1,76.483,0
adventure,,,24,132,1,1,66.262,0
huge,,,24,158,1,1,59.168,0
chance,,,24,169,1,1,56.53,0
fear,,,24,174,1,1,55.391,0
stars,,,24,183,1,1,53.428,0
boat,,,24,246,1,1,42.132,0
elrond,,,25,1,1,1,195.407,0.001
torches,,,25,1,1,1,195.407,0.001
answered,,,25,10,1,1,162.313,0.001
pale,,,25,31,1,1,127.922,0.001
spoke,,,25,59,1,1,103.584,0.001
answer,,,25,102,1,1,81.353,0.001
journey,,,25,129,1,1,71.656,0.001
quickly,,,25,294,1,1,38.603,0.001
distance,,,25,328,1,1,34.503,0.001
opening,,,25,372,1,1,29.929,0.001
forgotten,,,26,25,1,1,142.178,0.001
dragons,,,26,27,1,1,139.473,0.001
elf,,,26,32,1,1,133.315,0.001
merry,,,26,42,1,1,122.973,0.001
quiet,,,26,51,1,1,115.27,0.001
beneath,,,26,78,1,1,97.706,0.001
grass,,,26,82,1,1,95.592,0.001
woods,,,26,84,1,1,94.57,0.001
safe,,,26,99,1,1,87.567,0.001
grey,,,26,107,1,1,84.237,0.001
standing,,,26,203,1,1,56.885,0.001
lived,,,26,234,1,1,50.965,0.001
direction,,,26,339,1,1,36.123,0.001
guessed,,,27,3,1,1,200.756,0.001
hardly,,,27,28,1,1,144.888,0.001
shadows,,,27,52,1,1,120.469,0.001
loud,,,27,64,1,1,111.683,0.001
tall,,,27,98,1,1,93.061,0.001
ran,,,27,179,1,1,66.255,0.001
wild,,,27,298,1,1,44.308,0.001
making,,,27,370,1,1,35.536,0.001
camp,,,27,423,1,1,30.356,0.001
least,,,27,467,1,1,26.673,0.001
dain,,,28,0,1,0,228.313,0.001
mirkwood,,,28,0,1,0,228.313,0.001
barrels,,,28,6,1,1,196.83,0.001
bert,,,28,28,1,1,151.638,0.001
precious,,,28,32,1,1,146.496,0.001
luck,,,28,38,1,1,139.638,0.001
darkness,,,28,46,1,1,131.723,0.001
ll,,,28,50,1,1,128.182,0.001
rocks,,,28,50,1,1,128.182,0.001
sure,,,28,58,1,1,121.764,0.001
bright,,,28,91,1,1,101.574,0.001
kept,,,28,105,1,1,95.006,0.001
sit,,,28,132,1,1,84.435,0.001
folk,,,28,132,1,1,84.435,0.001
fast,,,28,233,1,1,58.39,0.001
themselves,,,28,328,1,1,43.401,0.001
opened,,,28,341,1,1,41.755,0.001
TRUE,,,28,348,1,1,40.901,0.001
beginning,,,28,377,1,1,37.575,0.001
deal,,,28,393,1,1,35.876,0.001
shouted,,,29,4,1,1,212.228,0.001
horrible,,,29,14,1,1,182.68,0.001
quick,,,29,63,1,1,123.951,0.001
breakfast,,,29,64,1,1,123.233,0.001
arms,,,29,102,1,1,101.452,0.001
talk,,,29,214,1,1,66.099,0.001
alone,,,29,392,1,1,38.75,0.001
rather,,,29,554,1,1,24.831,0.001
burglar,,,30,7,1,1,208.968,0.001
nasty,,,30,7,1,1,208.968,0.001
angry,,,30,44,1,1,146.205,0.001
slowly,,,30,78,1,1,119.667,0.001
words,,,30,143,1,1,89.919,0.001
eat,,,30,151,1,1,87.22,0.001
fair,,,30,169,1,1,81.644,0.001
none,,,30,175,1,1,79.92,0.001
forward,,,30,276,1,1,57.76,0.001
sent,,,30,305,1,1,53.048,0.001
bad,,,30,334,1,1,48.831,0.001
songs,,,30,363,1,1,45.031,0.001
further,,,30,381,1,1,42.854,0.001
guess,,,31,14,1,1,197.456,0.001
branches,,,31,67,1,1,132.75,0.001
sleep,,,31,87,1,1,119.845,0.001
hands,,,31,99,1,1,113.344,0.001
longer,,,31,165,1,1,87.267,0.001
except,,,31,228,1,1,70.826,0.001
magic,,,31,232,1,1,69.951,0.001
share,,,31,300,1,1,57.211,0.001
whether,,,31,342,1,1,50.893,0.001
believe,,,31,433,1,1,39.939,0.001
trolls,,,32,3,1,1,240.557,0.001
birds,,,32,52,1,1,151.068,0.001
feeling,,,32,96,1,1,120.256,0.001
sort,,,32,98,1,1,119.184,0.001
heart,,,32,375,1,1,49.584,0.001
stopped,,,33,71,1,1,141.55,0.001
noise,,,33,83,1,1,133.387,0.001
ask,,,33,301,1,1,63.987,0.001
want,,,33,371,1,1,53.222,0.001
keep,,,33,388,1,1,50.968,0.001
outside,,,33,503,1,1,38.38,0.001
less,,,33,697,1,1,24.067,0.001
dori,,,34,0,1,0,277.239,0.001
suppose,,,34,11,1,1,227.562,0.001
stones,,,34,50,1,1,165.567,0.001
perhaps,,,34,172,1,1,98.567,0.001
running,,,34,319,1,1,64.407,0.001
strong,,,34,458,1,1,45.605,0.001
almost,,,34,540,1,1,37.577,0.001
filled,,,35,73,1,1,151.831,0.001
remember,,,35,118,1,1,124.871,0.001
done,,,35,176,1,1,101.813,0.001
silver,,,35,570,1,1,37.462,0.001
front,,,35,704,1,1,27.659,0.001
wolves,,,36,13,1,1,237.296,0.001
ago,,,36,98,1,1,140.945,0.001
wish,,,36,149,1,1,116.301,0.001
beyond,,,36,249,1,1,85.85,0.001
turn,,,36,696,1,1,30.269,0.001
kili,,,37,0,1,0,301.702,0.001
eagles,,,37,21,1,1,226.487,0.001
passed,,,37,170,1,1,113.15,0.001
stream,,,37,198,1,1,103.83,0.001
sound,,,37,530,1,1,46.319,0.001
spiders,,,38,12,1,1,255.159,0.001
nearly,,,38,368,1,1,70.089,0.001
voice,,,38,391,1,1,66.485,0.001
food,,,38,477,1,1,54.946,0.001
fact,,,38,482,1,1,54.354,0.001
few,,,38,844,1,1,25.394,0.001
every,,,38,946,1,1,20.391,0.001
sitting,,,39,41,1,1,208.56,0.001
dale,,,39,75,1,1,174.104,0.001
told,,,39,147,1,1,132.006,0.001
gave,,,39,309,1,1,84.409,0.001
stood,,,40,64,1,1,189.769,0.001
grew,,,40,127,1,1,146.633,0.001
hope,,,40,286,1,1,93.227,0.001
thing,,,40,328,1,1,84.361,0.001
better,,,40,602,1,1,47.243,0.001
hill,,,40,615,1,1,46.032,0.001
big,,,40,654,1,1,42.596,0.001
rock,,,40,1004,1,1,21.101,0.001
lands,,,41,77,1,1,184.531,0.001
bit,,,41,112,1,1,160.293,0.001
hole,,,41,146,1,1,142.605,0.001
floor,,,41,287,1,1,96.974,0.001
always,,,41,318,1,1,90.148,0.001
feel,,,41,329,1,1,87.899,0.001
ground,,,41,621,1,1,48.053,0.001
mind,,,42,244,1,1,112.175,0.001
master,,,42,640,1,1,48.866,0.001
green,,,42,663,1,1,46.778,0.001
together,,,42,799,1,1,36.192,0.001
dwarf,,,43,58,1,1,214.833,0.001
tunnel,,,43,121,1,1,166.056,0.001
felt,,,43,127,1,1,162.688,0.001
red,,,43,898,1,1,31.963,0.001
caught,,,44,81,1,1,199.385,0.001
hear,,,44,171,1,1,146.715,0.001
poor,,,44,237,1,1,123.003,0.001
across,,,44,648,1,1,53.329,0.001
next,,,44,905,1,1,33.54,0.001
called,,,44,989,1,1,28.778,0.001
legs,,,45,37,1,1,255.31,0.001
treasure,,,45,56,1,1,230.039,0.001
edge,,,45,215,1,1,134.711,0.001
getting,,,46,86,1,1,207.358,0.001
indeed,,,46,114,1,1,187.025,0.001
moment,,,46,183,1,1,151.614,0.001
why,,,46,210,1,1,141.164,0.001
wall,,,46,433,1,1,86.906,0.001
dead,,,46,448,1,1,84.439,0.001
yes,,,47,64,1,1,234.172,0.001
anything,,,47,102,1,1,200.969,0.001
below,,,47,424,1,1,91.959,0.001
tree,,,48,285,1,1,126.48,0.001
fili,,,49,0,1,0,399.558,0.001
looking,,,49,110,1,1,206.912,0.001
moon,,,49,222,1,1,150.988,0.001
deep,,,49,244,1,1,143.337,0.001
wood,,,49,312,1,1,123.489,0.001
might,,,49,326,1,1,119.967,0.001
sword,,,49,342,1,1,116.132,0.001
hall,,,49,671,1,1,64.549,0.001
friends,,,50,182,1,1,172.111,0.001
wind,,,50,331,1,1,122.823,0.001
wide,,,50,452,1,1,97.666,0.001
among,,,50,950,1,1,43.169,0.001
o,,,50,1024,1,1,38.383,0.001
being,,,50,1306,1,1,24.215,0.001
cold,,,51,177,1,1,179.541,0.001
lay,,,51,392,1,1,112.885,0.001
cried,,,52,2,1,1,406.982,0.001
really,,,52,198,1,1,175.145,0.001
tell,,,52,466,1,1,102.293,0.001
gone,,,53,80,1,1,256.055,0.001
sun,,,53,451,1,1,108.636,0.001
black,,,53,1016,1,1,45.149,0.001
ponies,,,54,3,1,1,416.929,0.001
knew,,,54,55,1,1,291.116,0.001
brought,,,54,235,1,1,169.988,0.001
morning,,,54,267,1,1,158.597,0.001
inside,,,54,291,1,1,150.921,0.001
hand,,,54,575,1,1,91.612,0.001
near,,,54,1172,1,1,37.591,0.001
those,,,54,1220,1,1,34.993,0.001
already,,,55,422,1,1,121.897,0.001
asked,,,56,139,1,1,227.548,0.001
nor,,,56,154,1,1,218.343,0.001
bard,,,57,6,1,1,425.376,0.001
feet,,,58,107,1,1,262.645,0.001
gate,,,58,129,1,1,245.771,0.001
lost,,,58,473,1,1,122.843,0.001
bombur,,,59,0,1,0,481.106,0.001
goblin,,,59,2,1,1,463.57,0.001
turned,,,59,146,1,1,240.027,0.001
coming,,,59,149,1,1,238.11,0.001
towards,,,59,394,1,1,144.094,0.001
sat,,,60,37,1,1,361.562,0.001
seen,,,60,285,1,1,180.2,0.001
put,,,60,550,1,1,115.879,0.001
wizard,,,62,30,1,1,390.424,0.001
enough,,,62,336,1,1,172.707,0.001
should,,,62,650,1,1,106.682,0.001
help,,,62,768,1,1,90.89,0.001
own,,,62,1574,1,1,31.937,0.001
valley,,,63,445,1,1,148.093,0.001
above,,,63,588,1,1,119.877,0.001
beorn,,,64,0,1,0,521.881,0.001
something,,,64,242,1,1,216.304,0.001
stone,,,64,465,1,1,147.506,0.001
upon,,,64,649,1,1,113.44,0.001
till,,,66,298,1,1,203.754,0.001
others,,,66,704,1,1,111.799,0.001
how,,,66,724,1,1,108.946,0.001
balin,,,67,0,1,0,546.347,0.001
path,,,67,111,1,1,314.371,0.001
looked,,,68,41,1,1,411.555,0.001
shall,,,68,88,1,1,343.819,0.001
mr,,,68,445,1,1,168.332,0.001
look,,,69,401,1,1,184.262,0.001
let,,,70,263,1,1,237.323,0.001
ring,,,70,282,1,1,229.282,0.001
course,,,70,591,1,1,144.371,0.001
took,,,72,656,1,1,139.755,0.001
days,,,73,457,1,1,186.019,0.002
another,,,73,1468,1,1,57.723,0.001
gold,,,74,538,1,1,170.483,0.002
find,,,76,1312,1,1,75.296,0.002
people,,,76,2291,1,1,25.87,0.002
nothing,,,78,211,1,1,306.203,0.002
saw,,,79,233,1,1,299.097,0.002
lake,,,80,694,1,1,161.532,0.002
suddenly,,,81,70,1,1,454.384,0.002
yet,,,81,355,1,1,254.056,0.002
began,,,81,727,1,1,159.161,0.002
fell,,,82,112,1,1,408.221,0.002
once,,,82,808,1,1,149.037,0.002
say,,,83,1194,1,1,103.416,0.002
eyes,,,84,101,1,1,433.539,0.002
along,,,84,1274,1,1,98.31,0.002
smaug,,,85,0,1,0,693.142,0.002
men,,,85,620,1,1,195.38,0.002
head,,,85,953,1,1,137.471,0.002
quite,,,88,172,1,1,390.682,0.002
without,,,91,878,1,1,168.41,0.002
these,,,91,2422,1,1,42.268,0.002
seemed,,,93,31,1,1,619.987,0.002
think,,,93,397,1,1,295.747,0.002
heard,,,94,73,1,1,540.173,0.002
trees,,,95,71,1,1,550.481,0.002
mountains,,,95,96,1,1,513.202,0.002
himself,,,95,778,1,1,200.594,0.002
fire,,,95,900,1,1,178.55,0.002
gollum,,,96,15,1,1,695.447,0.002
forest,,,96,438,1,1,294.74,0.002
right,,,96,1088,1,1,153.683,0.002
king,,,96,1437,1,1,114.153,0.002
elves,,,97,6,1,1,745.455,0.002
found,,,97,1198,1,1,142.651,0.002
day,,,97,2315,1,1,56.682,0.002
things,,,98,124,1,1,498.697,0.002
night,,,99,613,1,1,254.078,0.002
baggins,,,100,4,1,1,781.704,0.002
behind,,,100,472,1,1,301.415,0.002
going,,,101,193,1,1,451.936,0.002
left,,,102,928,1,1,198.24,0.002
water,,,102,1257,1,1,150.342,0.002
side,,,103,1141,1,1,168.496,0.002
river,,,104,1722,1,1,108.975,0.002
our,,,105,442,1,1,336.344,0.002
end,,,105,2066,1,1,85.95,0.002
under,,,105,2989,1,1,41.551,0.002
must,,,108,518,1,1,322.674,0.002
am,,,109,375,1,1,385.345,0.002
dragon,,,110,103,1,1,605.504,0.002
much,,,111,1026,1,1,212.954,0.002
round,,,111,1067,1,1,206.087,0.002
know,,,113,1643,1,1,139.079,0.002
through,,,114,2450,1,1,80.751,0.002
ever,,,117,528,1,1,361.352,0.002
never,,,117,726,1,1,299.882,0.002
us,,,118,1702,1,1,146.598,0.002
though,,,119,830,1,1,282.235,0.002
here,,,120,399,1,1,430.943,0.002
door,,,121,233,1,1,540.017,0.002
light,,,124,902,1,1,285.613,0.003
old,,,125,1640,1,1,172.592,0.003
thought,,,126,250,1,1,556.498,0.003
made,,,126,1475,1,1,195.515,0.003
while,,,126,2771,1,1,85.739,0.003
don,,,127,201,1,1,604.693,0.003
too,,,132,463,1,1,462.498,0.003
just,,,133,1100,1,1,278.761,0.003
many,,,134,2944,1,1,91.348,0.003
away,,,135,730,1,1,376.63,0.003
me,,,137,757,1,1,377.326,0.003
get,,,139,999,1,1,322.904,0.003
got,,,142,211,1,1,689.458,0.003
soon,,,142,529,1,1,483.502,0.003
can,,,143,2994,1,1,105.902,0.003
than,,,144,2472,1,1,143.81,0.003
dark,,,148,342,1,1,618.328,0.003
well,,,148,2405,1,1,158.947,0.003
any,,,149,1398,1,1,282.372,0.003
do,,,149,2785,1,1,131.897,0.003
even,,,153,1068,1,1,362.714,0.003
goblins,,,154,0,1,0,1255.918,0.003
way,,,156,1277,1,1,329.577,0.003
off,,,157,1357,1,1,318.012,0.003
hobbit,,,159,11,1,1,1215.572,0.003
where,,,160,3146,1,1,131.152,0.003
over,,,163,3399,1,1,121.542,0.003
last,,,166,1483,1,1,327.509,0.003
see,,,166,1752,1,1,284.028,0.003
went,,,167,458,1,1,652.034,0.003
little,,,167,675,1,1,546.232,0.003
mountain,,,170,409,1,1,699.402,0.003
go,,,170,1552,1,1,329.555,0.003
far,,,171,890,1,1,487.904,0.003
only,,,171,3625,1,1,124.036,0.003
my,,,182,842,1,1,554.731,0.004
still,,,185,1377,1,1,419.303,0.004
gandalf,,,187,13,1,1,1429.346,0.004
good,,,189,817,1,1,597.275,0.004
after,,,190,6397,1,1,46.248,0.004
again,,,192,1102,1,1,516.866,0.004
did,,,196,814,1,1,632.366,0.004
great,,,200,1201,1,1,523.53,0.004
will,,,201,2081,1,1,349.963,0.004
some,,,203,3108,1,1,235.006,0.004
your,,,204,379,1,1,921.866,0.004
been,,,207,2504,1,1,311.034,0.004
come,,,210,1255,1,1,551.386,0.004
about,,,216,2749,1,1,308.118,0.004
back,,,221,1722,1,1,484.58,0.004
time,,,226,5464,1,1,128.833,0.004
long,,,228,1644,1,1,528.604,0.005
like,,,234,1700,1,1,539.664,0.005
before,,,235,2560,1,1,390.699,0.005
t,,,237,1655,1,1,561.857,0.005
more,,,243,3490,1,1,303.566,0.005
into,,,246,4104,1,1,255.402,0.005
would,,,248,3224,1,1,345.984,0.005
thorin,,,251,2,1,1,2023.954,0.005
came,,,256,457,1,1,1172.631,0.005
very,,,257,1302,1,1,744.923,0.005
then,,,263,3022,1,1,415.784,0.005
when,,,272,4552,1,1,281.262,0.005
this,,,273,8897,1,1,73.945,0.005
dwarves,,,292,13,1,1,2274.727,0.006
one,,,296,7381,1,1,158.548,0.006
so,,,302,1860,1,1,778.215,0.006
now,,,305,1861,1,1,790.639,0.006
what,,,309,1162,1,1,1047.812,0.006
no,,,310,2945,1,1,581.754,0.006
are,,,313,4834,1,1,358.692,0.006
down,,,315,1156,1,1,1080.818,0.006
we,,,340,938,1,1,1324.789,0.007
or,,,368,7924,1,1,260.183,0.007
up,,,377,3617,1,1,701.806,0.007
out,,,380,3374,1,1,754.033,0.008
could,,,381,1462,1,1,1279.537,0.008
from,,,412,17846,1,1,31.305,0.007
have,,,440,13781,1,1,134.678,0.008
him,,,452,3194,1,1,1063.591,0.009
is,,,496,16717,1,1,120.578,0.009
their,,,525,6610,1,1,758.354,0.01
there,,,534,3908,1,1,1226.433,0.011
them,,,540,2279,1,1,1729.533,0.011
bilbo,,,554,8,1,1,4436.655,0.011
said,,,584,667,1,1,3059.202,0.012
with,,,653,24211,1,1,111.248,0.011
but,,,657,6227,1,1,1236.984,0.013
all,,,664,4935,1,1,1509.018,0.013
were,,,696,5221,1,1,1571.445,0.014
as,,,696,27180,1,1,94.215,0.011
for,,,730,28345,1,1,101.544,0.012
not,,,740,6289,1,1,1522.089,0.014
on,,,775,27746,1,1,151.967,0.012
you,,,838,1347,1,1,3976.307,0.017
i,,,844,3939,1,1,2565.097,0.017
his,,,907,16527,1,1,836.596,0.016
had,,,950,3879,1,1,3097.968,0.019
that,,,1063,19301,1,1,986.299,0.018
it,,,1235,16658,1,1,1663.089,0.022
they,,,1367,5747,1,1,4396.964,0.026
was,,,1386,19581,1,1,1773.735,0.024
he,,,1906,19984,1,1,3303.55,0.032
a,,,1963,79550,1,1,223.202,0.022
to,,,2103,83712,1,1,262.381,0.023
of,,,2489,118128,1,1,93.557,0.023
and,,,4510,97596,1,1,3238.195,0.045
the,,,6102,237913,1,1,870.296,0.036
